{"cameraMode":{"drawMode":0,"name":"Shaded","section":"Shading Mode"},"sceneLighting":true,"audioPlay":false,"sceneViewState":{"m_AlwaysRefresh":false,"showFog":true,"showSkybox":true,"showFlares":true,"showImageEffects":true,"showParticleSystems":true,"showVisualEffectGraphs":true,"m_FxEnabled":true},"in2DMode":false,"pivot":{"x":1.6220674514770508,"y":1.5522170066833497,"z":89.98992156982422},"rotation":{"x":-0.002249957760795951,"y":0.006000000052154064,"z":0.000013464642506733071,"w":0.9999767541885376},"size":61.357635498046878,"orthographic":false}